,error,knn__n_neighbors,mean,score1,score10,score2,score3,score4,score5,score6,score7,score8,score9,std,time1,time2,time3,technique,dataset
0,,1,0.9066666666666666,0.8,1.0,0.8666666666666667,0.9333333333333333,0.8,1.0,0.9333333333333333,0.8666666666666667,0.9333333333333333,0.9333333333333333,0.06798692684790378,0.0039052963256835938,0.009711074829101562,0.0012303829193115235,Cov+kNN,iris
1,,2,0.9066666666666666,0.8,1.0,0.8666666666666667,0.9333333333333333,0.8,0.9333333333333333,0.9333333333333333,0.9333333333333333,0.9333333333333333,0.9333333333333333,0.06110100926607785,0.0078105926513671875,0.019422149658203124,0.002386641502380371,Cov+kNN,iris
2,,4,0.92,0.8666666666666667,1.0,0.9333333333333333,0.9333333333333333,0.8,0.8666666666666667,1.0,1.0,0.8666666666666667,0.9333333333333333,0.06531972647421806,0.011715888977050781,0.02913322448730469,0.003545999526977539,Cov+kNN,iris
3,,8,0.8866666666666667,0.7333333333333333,1.0,0.9333333333333333,0.8,0.7333333333333333,0.8666666666666667,1.0,0.9333333333333333,0.9333333333333333,0.9333333333333333,0.09451631252505219,0.015621185302734375,0.03884429931640625,0.004711675643920899,Cov+kNN,iris
4,,16,0.8533333333333334,0.8,0.9333333333333333,0.8666666666666667,0.8,0.7333333333333333,0.8666666666666667,0.9333333333333333,0.8,0.9333333333333333,0.8666666666666667,0.06531972647421809,0.01952648162841797,0.04855537414550781,0.005878329277038574,Cov+kNN,iris
5,,32,0.8266666666666667,0.8,0.8666666666666667,0.8,0.8,0.8,0.8,0.8666666666666667,0.8,0.8666666666666667,0.8666666666666667,0.03265986323710904,0.023431777954101562,0.05826644897460938,0.007040143013000488,Cov+kNN,iris
6,,64,0.7866666666666666,0.7333333333333333,0.8,0.8,0.8,0.8,0.8,0.7333333333333333,0.7333333333333333,0.8,0.8666666666666667,0.040000000000000036,0.027337074279785156,0.06797752380371094,0.008203530311584472,Cov+kNN,iris
7,,128,0.58,0.6666666666666666,0.5333333333333333,0.6,0.5333333333333333,0.6,0.5333333333333333,0.6,0.4666666666666667,0.6,0.6666666666666666,0.059999999999999984,0.03124237060546875,0.0776885986328125,0.009033894538879395,Cov+kNN,iris
