,error,knn__n_neighbors,mean,score1,score10,score2,score3,score4,score5,score6,score7,score8,score9,std,time1,time2,time3,technique,dataset
0,,1,0.96,0.9333333333333333,0.9333333333333333,1.0,0.9333333333333333,0.9333333333333333,1.0,0.9333333333333333,0.9333333333333333,1.0,1.0,0.03265986323710903,0.0010268688201904297,9.1552734375e-05,0.0012142658233642578,kNN,iris
1,,2,0.9466666666666667,0.8666666666666667,0.9333333333333333,1.0,0.9333333333333333,0.9333333333333333,1.0,0.9333333333333333,0.9333333333333333,1.0,0.9333333333333333,0.03999999999999999,0.0010268688201904297,9.1552734375e-05,0.0012123584747314453,kNN,iris
2,,4,0.96,0.9333333333333333,0.9333333333333333,1.0,0.9333333333333333,0.9333333333333333,1.0,0.9333333333333333,0.9333333333333333,1.0,1.0,0.03265986323710903,0.0010268688201904297,9.1552734375e-05,0.0012056827545166016,kNN,iris
3,,8,0.9666666666666667,0.9333333333333333,0.9333333333333333,1.0,1.0,0.9333333333333333,1.0,0.9333333333333333,0.9333333333333333,1.0,1.0,0.033333333333333326,0.0010268688201904297,9.1552734375e-05,0.0011911392211914062,kNN,iris
4,,16,0.9733333333333334,0.9333333333333333,0.9333333333333333,1.0,1.0,1.0,1.0,1.0,0.9333333333333333,1.0,0.9333333333333333,0.03265986323710903,0.0010268688201904297,9.1552734375e-05,0.0012097358703613281,kNN,iris
5,,32,0.9533333333333334,0.8666666666666667,0.9333333333333333,1.0,0.9333333333333333,0.9333333333333333,1.0,1.0,0.9333333333333333,1.0,0.9333333333333333,0.04268749491621898,0.0010268688201904297,9.1552734375e-05,0.0012161731719970703,kNN,iris
6,,64,0.9066666666666666,0.8,0.9333333333333333,0.9333333333333333,0.9333333333333333,1.0,0.9333333333333333,0.8666666666666667,0.8666666666666667,0.8666666666666667,0.9333333333333333,0.05333333333333332,0.0010268688201904297,9.1552734375e-05,0.0011947154998779297,kNN,iris
7,,128,0.6133333333333333,0.5333333333333333,0.6,0.5333333333333333,0.6,0.6666666666666666,0.6666666666666666,0.6666666666666666,0.5333333333333333,0.6666666666666666,0.6666666666666666,0.0581186525805423,0.0010268688201904297,9.1552734375e-05,0.0008702278137207031,kNN,iris
