,error,knn__n_neighbors,mean,score1,score10,score2,score3,score4,score5,score6,score7,score8,score9,std,time1,time2,time3,technique,dataset
0,,1,0.9466666666666667,0.9333333333333333,0.9333333333333333,1.0,0.9333333333333333,0.9333333333333333,1.0,0.9333333333333333,0.9333333333333333,0.9333333333333333,0.9333333333333333,0.026666666666666658,0.0023385286331176758,0.0008483648300170899,0.0012391328811645508,stand+kNN,iris
1,,2,0.9533333333333334,0.9333333333333333,0.9333333333333333,1.0,0.9333333333333333,0.9333333333333333,1.0,0.9333333333333333,0.9333333333333333,1.0,0.9333333333333333,0.030550504633038926,0.0046770572662353516,0.0016967296600341798,0.0024014711380004883,stand+kNN,iris
2,,4,0.94,0.8666666666666667,0.9333333333333333,1.0,0.9333333333333333,0.8666666666666667,1.0,0.9333333333333333,0.9333333333333333,1.0,0.9333333333333333,0.046666666666666655,0.007015585899353027,0.0025450944900512694,0.0035642385482788086,stand+kNN,iris
3,,8,0.9533333333333334,0.8666666666666667,0.9333333333333333,1.0,1.0,0.8666666666666667,1.0,0.9333333333333333,0.9333333333333333,1.0,1.0,0.052068331172711015,0.009354114532470703,0.0033934593200683595,0.004729723930358887,stand+kNN,iris
4,,16,0.9666666666666667,0.9333333333333333,0.9333333333333333,1.0,1.0,0.9333333333333333,1.0,0.9333333333333333,0.9333333333333333,1.0,1.0,0.033333333333333326,0.011692643165588379,0.004241824150085449,0.0059010982513427734,stand+kNN,iris
5,,32,0.9466666666666667,0.8666666666666667,0.9333333333333333,1.0,1.0,0.9333333333333333,1.0,0.9333333333333333,0.9333333333333333,1.0,0.8666666666666667,0.04988876515698587,0.014031171798706055,0.005090188980102539,0.0070685863494873045,stand+kNN,iris
6,,64,0.8533333333333334,0.8,0.9333333333333333,0.9333333333333333,0.9333333333333333,0.7333333333333333,0.8,0.8666666666666667,0.8,0.8666666666666667,0.8666666666666667,0.06531972647421809,0.01636970043182373,0.0059385538101196286,0.0082350492477417,stand+kNN,iris
7,,128,0.6666666666666666,0.6666666666666666,0.6666666666666666,0.6666666666666666,0.6666666666666666,0.6666666666666666,0.6666666666666666,0.6666666666666666,0.6,0.6666666666666666,0.7333333333333333,0.029814239699997188,0.018708229064941406,0.006786918640136719,0.00906839370727539,stand+kNN,iris
