,error,knn__n_neighbors,mean,score1,score10,score2,score3,score4,score5,score6,score7,score8,score9,std,time1,time2,time3,technique,dataset
0,,1,0.9066666666666666,0.8,1.0,0.8666666666666667,0.9333333333333333,0.8,1.0,0.9333333333333333,0.8666666666666667,0.9333333333333333,0.9333333333333333,0.06798692684790378,0.0007128715515136719,0.0003173351287841797,0.0004100799560546875,Cov+kNN,iris
1,,2,0.9066666666666666,0.8,1.0,0.8666666666666667,0.9333333333333333,0.8,0.9333333333333333,0.9333333333333333,0.9333333333333333,0.9333333333333333,0.9333333333333333,0.06110100926607785,0.0007128715515136719,0.0003173351287841797,0.0003981590270996094,Cov+kNN,iris
2,,4,0.92,0.8666666666666667,1.0,0.9333333333333333,0.9333333333333333,0.8,0.8666666666666667,1.0,1.0,0.8666666666666667,0.9333333333333333,0.06531972647421806,0.0007128715515136719,0.0003173351287841797,0.0004153251647949219,Cov+kNN,iris
3,,8,0.8866666666666667,0.7333333333333333,1.0,0.9333333333333333,0.8,0.7333333333333333,0.8666666666666667,1.0,0.9333333333333333,0.9333333333333333,0.9333333333333333,0.09451631252505219,0.0007128715515136719,0.0003173351287841797,0.0003914833068847656,Cov+kNN,iris
4,,16,0.8533333333333334,0.8,0.9333333333333333,0.8666666666666667,0.8,0.7333333333333333,0.8666666666666667,0.9333333333333333,0.8,0.9333333333333333,0.8666666666666667,0.06531972647421809,0.0007128715515136719,0.0003173351287841797,0.00038361549377441406,Cov+kNN,iris
5,,32,0.8266666666666667,0.8,0.8666666666666667,0.8,0.8,0.8,0.8,0.8666666666666667,0.8,0.8666666666666667,0.8666666666666667,0.03265986323710904,0.0007128715515136719,0.0003173351287841797,0.0003745555877685547,Cov+kNN,iris
6,,64,0.7866666666666666,0.7333333333333333,0.8,0.8,0.8,0.8,0.8,0.7333333333333333,0.7333333333333333,0.8,0.8666666666666667,0.040000000000000036,0.0007128715515136719,0.0003173351287841797,0.00042247772216796875,Cov+kNN,iris
7,,128,0.58,0.6666666666666666,0.5333333333333333,0.6,0.5333333333333333,0.6,0.5333333333333333,0.6,0.4666666666666667,0.6,0.6666666666666666,0.059999999999999984,0.0007128715515136719,0.0003173351287841797,0.0002925395965576172,Cov+kNN,iris
