,error,knn__n_neighbors,mean,score1,score10,score2,score3,score4,score5,score6,score7,score8,score9,std,time1,time2,time3,technique,dataset
0,,1,0.96,0.9333333333333333,0.9333333333333333,1.0,0.9333333333333333,0.9333333333333333,1.0,0.9333333333333333,0.9333333333333333,1.0,1.0,0.03265986323710903,0.004092121124267578,0.00044608116149902344,0.0005733251571655273,kNN,iris
1,,2,0.9466666666666667,0.8666666666666667,0.9333333333333333,1.0,0.9333333333333333,0.9333333333333333,1.0,0.9333333333333333,0.9333333333333333,1.0,0.9333333333333333,0.03999999999999999,0.008184242248535156,0.0008921623229980469,0.001092529296875,kNN,iris
2,,4,0.96,0.9333333333333333,0.9333333333333333,1.0,0.9333333333333333,0.9333333333333333,1.0,0.9333333333333333,0.9333333333333333,1.0,1.0,0.03265986323710903,0.012276363372802735,0.0013382434844970703,0.0016104221343994141,kNN,iris
3,,8,0.9666666666666667,0.9333333333333333,0.9333333333333333,1.0,1.0,0.9333333333333333,1.0,0.9333333333333333,0.9333333333333333,1.0,1.0,0.033333333333333326,0.01636848449707031,0.0017843246459960938,0.0021312952041625975,kNN,iris
4,,16,0.9733333333333334,0.9333333333333333,0.9333333333333333,1.0,1.0,1.0,1.0,1.0,0.9333333333333333,1.0,0.9333333333333333,0.03265986323710903,0.02046060562133789,0.002230405807495117,0.0026473283767700197,kNN,iris
5,,32,0.9533333333333334,0.8666666666666667,0.9333333333333333,1.0,0.9333333333333333,0.9333333333333333,1.0,1.0,0.9333333333333333,1.0,0.9333333333333333,0.04268749491621898,0.02455272674560547,0.0026764869689941406,0.003162646293640137,kNN,iris
6,,64,0.9066666666666666,0.8,0.9333333333333333,0.9333333333333333,0.9333333333333333,1.0,0.9333333333333333,0.8666666666666667,0.8666666666666667,0.8666666666666667,0.9333333333333333,0.05333333333333332,0.028644847869873046,0.003122568130493164,0.0036775827407836913,kNN,iris
7,,128,0.6133333333333333,0.5333333333333333,0.6,0.5333333333333333,0.6,0.6666666666666666,0.6666666666666666,0.6666666666666666,0.5333333333333333,0.6666666666666666,0.6666666666666666,0.0581186525805423,0.03273696899414062,0.0035686492919921875,0.004042291641235351,kNN,iris
