,error,knn__n_neighbors,mean,score1,score10,score2,score3,score4,score5,score6,score7,score8,score9,std,time1,time2,time3,technique,dataset
0,Cascading:Matrix is not positive definite,1,0,0,1.0,0.990990990990991,0.990990990990991,0.9819819819819819,1.0,0,0,0,0.9809523809523809,0.4854358289494779,0.009321880340576173,0.05609276294708252,0.003068828582763672,stand+Cov+kNN,mice-protein
1,Cascading:Matrix is not positive definite,2,0,0,1.0,0.9819819819819819,0.9819819819819819,1.0,1.0,0,0,0,0.9714285714285714,0.48470220139204395,0.018643760681152345,0.11218552589416504,0.0057601451873779295,stand+Cov+kNN,mice-protein
2,Cascading:Matrix is not positive definite,4,0,0,1.0,0.954954954954955,0.9819819819819819,0.9819819819819819,1.0,0,0,0,0.9809523809523809,0.48186467291753005,0.027965641021728514,0.16827828884124757,0.008741402626037597,stand+Cov+kNN,mice-protein
3,Cascading:Matrix is not positive definite,8,0,0,1.0,0.9459459459459459,0.9819819819819819,0.972972972972973,0.990990990990991,0,0,0,0.9809523809523809,0.4796956831511174,0.03728752136230469,0.22437105178833008,0.01171422004699707,stand+Cov+kNN,mice-protein
4,Cascading:Matrix is not positive definite,16,0,0,0.9904761904761905,0.9459459459459459,0.963963963963964,0.954954954954955,0.9819819819819819,0,0,0,0.9523809523809523,0.4728925003551883,0.04660940170288086,0.2804638147354126,0.014694833755493164,stand+Cov+kNN,mice-protein
5,Cascading:Matrix is not positive definite,32,0,0,0.9428571428571428,0.9099099099099099,0.9009009009009009,0.8918918918918919,0.9459459459459459,0,0,0,0.9238095238095239,0.45059701311184147,0.05593128204345703,0.33655657768249514,0.017690348625183105,stand+Cov+kNN,mice-protein
6,Cascading:Matrix is not positive definite,64,0,0,0.8571428571428571,0.7387387387387387,0.7657657657657657,0.7837837837837838,0.7747747747747747,0,0,0,0.7714285714285715,0.3841064437808567,0.0652531623840332,0.3926493406295776,0.020675134658813477,stand+Cov+kNN,mice-protein
7,Cascading:Matrix is not positive definite,128,0,0,0.6952380952380952,0.6396396396396397,0.6396396396396397,0.6486486486486487,0.6846846846846847,0,0,0,0.7333333333333333,0.3310336637576539,0.07457504272460938,0.44874210357666017,0.02365858554840088,stand+Cov+kNN,mice-protein
