,error,knn__n_neighbors,mean,score1,score10,score2,score3,score4,score5,score6,score7,score8,score9,std,time1,time2,time3,technique,dataset
0,,1,0.9962962962962963,0.990990990990991,1.0,1.0,1.0,1.0,1.0,1.0,1.0,0.9809523809523809,0.9904761904761905,0.006272543771706301,0.00722503662109375,0.0009455204010009766,0.005099105834960938,stand+kNN,mice-protein
1,,2,0.9925925925925926,0.9819819819819819,0.9904761904761905,1.0,1.0,1.0,1.0,1.0,1.0,0.9714285714285714,0.9809523809523809,0.010146795196730975,0.0144500732421875,0.0018910408020019532,0.010046100616455078,stand+kNN,mice-protein
2,,4,0.9879629629629629,0.9819819819819819,0.9904761904761905,0.9819819819819819,1.0,0.990990990990991,0.990990990990991,1.0,1.0,0.9619047619047619,0.9809523809523809,0.011220673317020396,0.02167510986328125,0.0028365612030029296,0.014983057975769043,stand+kNN,mice-protein
3,,8,0.9768518518518519,0.963963963963964,0.9904761904761905,0.954954954954955,0.9819819819819819,0.990990990990991,0.990990990990991,0.9714285714285714,1.0,0.9714285714285714,0.9523809523809523,0.015655120898088768,0.028900146484375,0.0037820816040039064,0.01992044448852539,stand+kNN,mice-protein
4,,16,0.9287037037037037,0.9369369369369369,0.9047619047619048,0.9279279279279279,0.9369369369369369,0.972972972972973,0.954954954954955,0.9238095238095239,0.9142857142857143,0.8761904761904762,0.9333333333333333,0.025232434028908467,0.03612518310546875,0.004727602005004883,0.0248976469039917,stand+kNN,mice-protein
5,,32,0.8231481481481482,0.7657657657657657,0.8380952380952381,0.7657657657657657,0.8108108108108109,0.8918918918918919,0.8918918918918919,0.8285714285714286,0.8095238095238095,0.8,0.8285714285714286,0.04146414559882577,0.0433502197265625,0.005673122406005859,0.02984614372253418,stand+kNN,mice-protein
6,,64,0.7148148148148148,0.7207207207207207,0.7333333333333333,0.6666666666666666,0.6486486486486487,0.7657657657657657,0.7477477477477478,0.7428571428571429,0.7142857142857143,0.6857142857142857,0.7238095238095238,0.035311187664720384,0.05057525634765625,0.006618642807006836,0.03477199077606201,stand+kNN,mice-protein
7,,128,0.6222222222222222,0.6486486486486487,0.6190476190476191,0.6216216216216216,0.5495495495495496,0.6126126126126126,0.6306306306306306,0.6571428571428571,0.638095238095238,0.6,0.6476190476190476,0.029601745836558974,0.05780029296875,0.007564163208007813,0.03892796039581299,stand+kNN,mice-protein
