,error,knn__n_neighbors,mean,score1,score10,score2,score3,score4,score5,score6,score7,score8,score9,std,time1,time2,time3,technique,dataset
0,Cascading:Matrix is not positive definite,1,0,0,1.0,0,0,0.9819819819819819,0,0,0,0.9809523809523809,0,0.45262105372239153,0.003186202049255371,0.005961561203002929,0.0009521484375,Cov+kNN,mice-protein
1,Cascading:Matrix is not positive definite,2,0,0,1.0,0,0,1.0,0,0,0,0.9809523809523809,0,0.45537455615631167,0.006372404098510742,0.011923122406005859,0.0018089532852172852,Cov+kNN,mice-protein
2,Cascading:Matrix is not positive definite,4,0,0,1.0,0,0,0.9819819819819819,0,0,0,0.9809523809523809,0,0.45262105372239153,0.009558606147766113,0.01788468360900879,0.0025795936584472657,Cov+kNN,mice-protein
3,Cascading:Matrix is not positive definite,8,0,0,1.0,0,0,0.972972972972973,0,0,0,0.9904761904761905,0,0.45271584858510727,0.012744808197021484,0.023846244812011717,0.003362107276916504,Cov+kNN,mice-protein
4,Cascading:Matrix is not positive definite,16,0,0,0.9904761904761905,0,0,0.954954954954955,0,0,0,0.9714285714285714,0,0.4456285963105495,0.015931010246276855,0.02980780601501465,0.004272556304931641,Cov+kNN,mice-protein
5,Cascading:Matrix is not positive definite,32,0,0,0.9428571428571428,0,0,0.8918918918918919,0,0,0,0.9047619047619048,0,0.4186350229254131,0.019117212295532225,0.03576936721801758,0.005136418342590332,Cov+kNN,mice-protein
6,Cascading:Matrix is not positive definite,64,0,0,0.8571428571428571,0,0,0.7837837837837838,0,0,0,0.780952380952381,0,0.37045211821865304,0.0223034143447876,0.04173092842102051,0.006424498558044433,Cov+kNN,mice-protein
7,Cascading:Matrix is not positive definite,128,0,0,0.6952380952380952,0,0,0.6486486486486487,0,0,0,0.7333333333333333,0,0.3178670368756679,0.025489616394042968,0.047692489624023435,0.007353067398071289,Cov+kNN,mice-protein
