,error,knn__n_neighbors,mean,score1,score10,score2,score3,score4,score5,score6,score7,score8,score9,std,time1,time2,time3,technique,dataset
0,,1,0.8221153846153846,0.7272727272727273,0.8,0.8095238095238095,0.7142857142857143,0.9047619047619048,0.8095238095238095,0.8571428571428571,0.8571428571428571,0.8,0.95,0.06895591964867248,0.004187178611755371,0.08443541526794433,0.0013911724090576172,stand+Cov+kNN,sonar
1,,2,0.7788461538461539,0.7272727272727273,0.7,0.8095238095238095,0.7142857142857143,0.8095238095238095,0.8095238095238095,0.6666666666666666,0.7619047619047619,0.9,0.9,0.07621365497484754,0.008374357223510742,0.16887083053588867,0.002703356742858887,stand+Cov+kNN,sonar
2,,4,0.7788461538461539,0.8181818181818182,0.75,0.7619047619047619,0.7142857142857143,0.8095238095238095,0.6190476190476191,0.6666666666666666,0.8571428571428571,0.85,0.95,0.09293836194129594,0.012561535835266114,0.253306245803833,0.004008650779724121,stand+Cov+kNN,sonar
3,,8,0.7259615384615384,0.6818181818181818,0.65,0.8095238095238095,0.6190476190476191,0.8095238095238095,0.6190476190476191,0.7142857142857143,0.6666666666666666,0.75,0.95,0.09947761130031182,0.016748714447021484,0.33774166107177733,0.005315732955932617,stand+Cov+kNN,sonar
4,,16,0.6826923076923077,0.7272727272727273,0.4,0.7142857142857143,0.6666666666666666,0.7619047619047619,0.6666666666666666,0.6190476190476191,0.7619047619047619,0.75,0.75,0.10443478677357879,0.020935893058776855,0.4221770763397217,0.006620335578918457,stand+Cov+kNN,sonar
5,,32,0.6538461538461539,0.7727272727272727,0.5,0.6666666666666666,0.5714285714285714,0.7142857142857143,0.6190476190476191,0.6190476190476191,0.7619047619047619,0.5,0.8,0.10369263084290382,0.025123071670532227,0.506612491607666,0.007931375503540039,stand+Cov+kNN,sonar
6,,64,0.5673076923076923,0.6363636363636364,0.55,0.5238095238095238,0.5714285714285714,0.5238095238095238,0.47619047619047616,0.5238095238095238,0.6190476190476191,0.6,0.65,0.05444953085386462,0.0293102502822876,0.5910479068756104,0.009242439270019531,stand+Cov+kNN,sonar
7,,128,0.5336538461538461,0.5454545454545454,0.55,0.5238095238095238,0.5238095238095238,0.5238095238095238,0.5238095238095238,0.5238095238095238,0.5238095238095238,0.55,0.55,0.012336921827856947,0.03349742889404297,0.6754833221435547,0.010045218467712402,stand+Cov+kNN,sonar
