,error,knn__n_neighbors,mean,score1,score10,score2,score3,score4,score5,score6,score7,score8,score9,std,time1,time2,time3,technique,dataset
0,,1,0.8221153846153846,0.9545454545454546,0.7,0.7619047619047619,0.8571428571428571,0.9047619047619048,0.5714285714285714,0.9523809523809523,0.8095238095238095,0.8,0.9,0.1143023485861057,0.0019723653793334963,0.00021798610687255858,0.0010576963424682618,kNN,sonar
1,,2,0.7596153846153846,0.9090909090909091,0.6,0.7619047619047619,0.7619047619047619,0.7142857142857143,0.6190476190476191,0.7142857142857143,0.7619047619047619,0.8,0.95,0.10468066194378517,0.0039447307586669925,0.00043597221374511717,0.001981496810913086,kNN,sonar
2,,4,0.7836538461538461,0.9090909090909091,0.6,0.8571428571428571,0.7619047619047619,0.7142857142857143,0.6190476190476191,0.9047619047619048,0.8095238095238095,0.75,0.9,0.10827640559175815,0.005917096138000488,0.0006539583206176758,0.0027938604354858397,kNN,sonar
3,,8,0.7211538461538461,0.6818181818181818,0.5,0.8095238095238095,0.8095238095238095,0.6666666666666666,0.5714285714285714,0.8571428571428571,0.7142857142857143,0.7,0.9,0.11934605646660701,0.007889461517333985,0.0008719444274902343,0.0035171985626220705,kNN,sonar
4,,16,0.6778846153846154,0.6363636363636364,0.5,0.7142857142857143,0.7142857142857143,0.7142857142857143,0.6190476190476191,0.7619047619047619,0.5714285714285714,0.8,0.75,0.08905512398740745,0.00986182689666748,0.001089930534362793,0.004209375381469727,kNN,sonar
5,,32,0.6442307692307693,0.5909090909090909,0.7,0.7142857142857143,0.7142857142857143,0.5714285714285714,0.42857142857142855,0.7142857142857143,0.6666666666666666,0.65,0.7,0.08725013718920156,0.011834192276000976,0.0013079166412353516,0.004850530624389648,kNN,sonar
6,,64,0.6442307692307693,0.5454545454545454,0.6,0.6666666666666666,0.7142857142857143,0.6190476190476191,0.5714285714285714,0.5714285714285714,0.6666666666666666,0.7,0.8,0.0749801670396791,0.013806557655334473,0.0015259027481079102,0.0054595947265625,kNN,sonar
7,,128,0.5961538461538461,0.5454545454545454,0.55,0.5238095238095238,0.7142857142857143,0.7142857142857143,0.6666666666666666,0.5714285714285714,0.47619047619047616,0.6,0.6,0.07605835467400983,0.01577892303466797,0.0017438888549804687,0.0058380126953125,kNN,sonar
