,error,knn__n_neighbors,mean,score1,score10,score2,score3,score4,score5,score6,score7,score8,score9,std,time1,time2,time3,technique,dataset
0,,1,0.8221153846153846,0.9545454545454546,0.7,0.7619047619047619,0.8571428571428571,0.9047619047619048,0.5714285714285714,0.9523809523809523,0.8095238095238095,0.8,0.9,0.1143023485861057,0.004629063606262207,0.0009473323822021485,0.0015144109725952148,kNN,sonar
1,,2,0.7596153846153846,0.9090909090909091,0.6,0.7619047619047619,0.7619047619047619,0.7142857142857143,0.6190476190476191,0.7142857142857143,0.7619047619047619,0.8,0.95,0.10468066194378517,0.009258127212524414,0.001894664764404297,0.0029125452041625977,kNN,sonar
2,,4,0.7836538461538461,0.9090909090909091,0.6,0.8571428571428571,0.7619047619047619,0.7142857142857143,0.6190476190476191,0.9047619047619048,0.8095238095238095,0.75,0.9,0.10827640559175815,0.01388719081878662,0.0028419971466064455,0.004316473007202148,kNN,sonar
3,,8,0.7211538461538461,0.6818181818181818,0.5,0.8095238095238095,0.8095238095238095,0.6666666666666666,0.5714285714285714,0.8571428571428571,0.7142857142857143,0.7,0.9,0.11934605646660701,0.01851625442504883,0.003789329528808594,0.005726528167724609,kNN,sonar
4,,16,0.6778846153846154,0.6363636363636364,0.5,0.7142857142857143,0.7142857142857143,0.7142857142857143,0.6190476190476191,0.7619047619047619,0.5714285714285714,0.8,0.75,0.08905512398740745,0.023145318031311035,0.004736661911010742,0.007129096984863281,kNN,sonar
5,,32,0.6442307692307693,0.5909090909090909,0.7,0.7142857142857143,0.7142857142857143,0.5714285714285714,0.42857142857142855,0.7142857142857143,0.6666666666666666,0.65,0.7,0.08725013718920156,0.02777438163757324,0.005683994293212891,0.008540916442871093,kNN,sonar
6,,64,0.6442307692307693,0.5454545454545454,0.6,0.6666666666666666,0.7142857142857143,0.6190476190476191,0.5714285714285714,0.5714285714285714,0.6666666666666666,0.7,0.8,0.0749801670396791,0.03240344524383545,0.006631326675415039,0.009954476356506347,kNN,sonar
7,,128,0.5961538461538461,0.5454545454545454,0.55,0.5238095238095238,0.7142857142857143,0.7142857142857143,0.6666666666666666,0.5714285714285714,0.47619047619047616,0.6,0.6,0.07605835467400983,0.03703250885009766,0.007578659057617188,0.010826826095581055,kNN,sonar
