,error,knn__n_neighbors,mean,score1,score10,score2,score3,score4,score5,score6,score7,score8,score9,std,time1,time2,time3,technique,dataset
0,,1,0.8653846153846154,0.9545454545454546,0.75,0.8095238095238095,0.8571428571428571,1.0,0.6666666666666666,0.9047619047619048,0.8571428571428571,0.85,1.0,0.10101315806546889,0.0033960342407226562,0.0009507179260253906,0.001494765281677246,stand+kNN,sonar
1,,2,0.7932692307692307,0.8636363636363636,0.7,0.8095238095238095,0.7142857142857143,0.8095238095238095,0.6666666666666666,0.7619047619047619,0.7619047619047619,0.9,0.95,0.08623624635683165,0.0067920684814453125,0.0019014358520507812,0.0029040813446044923,stand+kNN,sonar
2,,4,0.7980769230769231,0.8636363636363636,0.75,0.8571428571428571,0.7619047619047619,0.7619047619047619,0.6666666666666666,0.7619047619047619,0.8095238095238095,0.85,0.9,0.06671366477413893,0.010188102722167969,0.0028521537780761717,0.004336094856262207,stand+kNN,sonar
3,,8,0.7451923076923077,0.7727272727272727,0.7,0.7142857142857143,0.7619047619047619,0.7142857142857143,0.6666666666666666,0.8571428571428571,0.6666666666666666,0.8,0.8,0.0598858881265796,0.013584136962890625,0.0038028717041015624,0.005750179290771484,stand+kNN,sonar
4,,16,0.7067307692307693,0.6363636363636364,0.7,0.8095238095238095,0.7142857142857143,0.7142857142857143,0.5238095238095238,0.8095238095238095,0.6190476190476191,0.75,0.8,0.08829191114172903,0.01698017120361328,0.004753589630126953,0.007148909568786621,stand+kNN,sonar
5,,32,0.7115384615384616,0.6363636363636364,0.7,0.8571428571428571,0.6666666666666666,0.7142857142857143,0.6190476190476191,0.7142857142857143,0.6666666666666666,0.65,0.9,0.0888133642275253,0.020376205444335938,0.005704307556152343,0.008558082580566406,stand+kNN,sonar
6,,64,0.7259615384615384,0.5454545454545454,0.7,0.9047619047619048,0.7619047619047619,0.7142857142857143,0.6190476190476191,0.7619047619047619,0.6666666666666666,0.75,0.85,0.09941609101996027,0.023772239685058594,0.0066550254821777345,0.009959816932678223,stand+kNN,sonar
7,,128,0.7115384615384616,0.6363636363636364,0.85,0.7619047619047619,0.7619047619047619,0.7142857142857143,0.6190476190476191,0.7619047619047619,0.5714285714285714,0.65,0.8,0.08498548882512237,0.02716827392578125,0.007605743408203125,0.010830402374267578,stand+kNN,sonar
