,error,knn__n_neighbors,mean,score1,score10,score2,score3,score4,score5,score6,score7,score8,score9,std,time1,time2,time3,technique,dataset
0,,1,0.8221153846153846,0.7272727272727273,0.8,0.8095238095238095,0.7142857142857143,0.9047619047619048,0.8095238095238095,0.8571428571428571,0.8571428571428571,0.8,0.95,0.06895591964867248,0.0036056041717529297,0.08346810340881347,0.0013889551162719726,Cov+kNN,sonar
1,,2,0.7788461538461539,0.7272727272727273,0.7,0.8095238095238095,0.7142857142857143,0.8095238095238095,0.8095238095238095,0.6666666666666666,0.7619047619047619,0.9,0.9,0.07621365497484754,0.007211208343505859,0.16693620681762694,0.002691054344177246,Cov+kNN,sonar
2,,4,0.7788461538461539,0.8181818181818182,0.75,0.7619047619047619,0.7142857142857143,0.8095238095238095,0.6190476190476191,0.6666666666666666,0.8571428571428571,0.85,0.95,0.09293836194129594,0.010816812515258789,0.25040431022644044,0.004016399383544922,Cov+kNN,sonar
3,,8,0.7259615384615384,0.6818181818181818,0.65,0.8095238095238095,0.6190476190476191,0.8095238095238095,0.6190476190476191,0.7142857142857143,0.6666666666666666,0.75,0.95,0.09947761130031182,0.014422416687011719,0.3338724136352539,0.005326294898986816,Cov+kNN,sonar
4,,16,0.6826923076923077,0.7272727272727273,0.4,0.7142857142857143,0.6666666666666666,0.7619047619047619,0.6666666666666666,0.6190476190476191,0.7619047619047619,0.75,0.75,0.10443478677357879,0.01802802085876465,0.4173405170440674,0.006630468368530274,Cov+kNN,sonar
5,,32,0.6538461538461539,0.7727272727272727,0.5,0.6666666666666666,0.5714285714285714,0.7142857142857143,0.6190476190476191,0.6190476190476191,0.7619047619047619,0.5,0.8,0.10369263084290382,0.021633625030517578,0.5008086204528809,0.007936334609985352,Cov+kNN,sonar
6,,64,0.5673076923076923,0.6363636363636364,0.55,0.5238095238095238,0.5714285714285714,0.5238095238095238,0.47619047619047616,0.5238095238095238,0.6190476190476191,0.6,0.65,0.05444953085386462,0.025239229202270508,0.5842767238616944,0.0092454195022583,Cov+kNN,sonar
7,,128,0.5336538461538461,0.5454545454545454,0.55,0.5238095238095238,0.5238095238095238,0.5238095238095238,0.5238095238095238,0.5238095238095238,0.5238095238095238,0.55,0.55,0.012336921827856947,0.028844833374023438,0.6677448272705078,0.01004936695098877,Cov+kNN,sonar
