,error,knn__n_neighbors,mean,score1,score10,score2,score3,score4,score5,score6,score7,score8,score9,std,time1,time2,time3,technique,dataset
0,,1,0.7696629213483146,0.7368421052631579,0.9375,0.8888888888888888,0.8333333333333334,0.7777777777777778,0.7222222222222222,0.6666666666666666,0.6666666666666666,0.6666666666666666,0.8235294117647058,0.09192548084931192,0.0020336151123046876,0.0008568048477172851,0.0013027667999267578,kNN,wine
1,,2,0.6910112359550562,0.6842105263157895,0.8125,0.7777777777777778,0.7222222222222222,0.6111111111111112,0.6666666666666666,0.6111111111111112,0.7222222222222222,0.6666666666666666,0.6470588235294118,0.06336763268574544,0.004067230224609375,0.0017136096954345702,0.002501368522644043,kNN,wine
2,,4,0.6685393258426966,0.6842105263157895,0.75,0.6666666666666666,0.6666666666666666,0.5555555555555556,0.7777777777777778,0.6666666666666666,0.6111111111111112,0.6111111111111112,0.7058823529411765,0.06290493203890417,0.006100845336914062,0.0025704145431518556,0.00369565486907959,kNN,wine
3,,8,0.702247191011236,0.7368421052631579,0.6875,0.6666666666666666,0.6666666666666666,0.6111111111111112,0.7777777777777778,0.7222222222222222,0.7222222222222222,0.7777777777777778,0.6470588235294118,0.05244151775475173,0.00813446044921875,0.0034272193908691405,0.004901313781738281,kNN,wine
4,,16,0.702247191011236,0.6842105263157895,0.8125,0.8333333333333334,0.6111111111111112,0.6111111111111112,0.7777777777777778,0.7222222222222222,0.6666666666666666,0.7222222222222222,0.5882352941176471,0.08187730042872836,0.010168075561523438,0.004284024238586426,0.006090474128723144,kNN,wine
5,,32,0.7078651685393258,0.7368421052631579,0.8125,0.8888888888888888,0.6666666666666666,0.6666666666666666,0.7222222222222222,0.6111111111111112,0.6666666666666666,0.7222222222222222,0.5882352941176471,0.08586816434665545,0.012201690673828125,0.005140829086303711,0.0072738885879516605,kNN,wine
6,,64,0.7191011235955056,0.7368421052631579,0.8125,0.8888888888888888,0.6111111111111112,0.7777777777777778,0.6666666666666666,0.6666666666666666,0.6666666666666666,0.7777777777777778,0.5882352941176471,0.09043630468565031,0.014235305786132812,0.0059976339340209964,0.008457684516906738,kNN,wine
7,,128,0.6573033707865169,0.6842105263157895,0.75,0.7222222222222222,0.6111111111111112,0.6111111111111112,0.6666666666666666,0.5555555555555556,0.6666666666666666,0.6666666666666666,0.6470588235294118,0.05339697282421739,0.0162689208984375,0.006854438781738281,0.009293603897094726,kNN,wine
