,error,knn__n_neighbors,mean,score1,score10,score2,score3,score4,score5,score6,score7,score8,score9,std,time1,time2,time3,technique,dataset
0,,1,0.949438202247191,0.9473684210526315,1.0,0.9444444444444444,0.9444444444444444,0.8888888888888888,0.9444444444444444,0.9444444444444444,0.9444444444444444,1.0,0.9411764705882353,0.02995606271610931,0.0045139074325561525,0.0007891178131103516,0.0011817216873168945,stand+kNN,wine
1,,2,0.9325842696629213,0.9473684210526315,1.0,0.8888888888888888,0.9444444444444444,0.8333333333333334,0.8888888888888888,0.9444444444444444,0.9444444444444444,1.0,0.9411764705882353,0.04844415671583812,0.009027814865112305,0.0015782356262207032,0.002290225028991699,stand+kNN,wine
2,,4,0.9550561797752809,0.9473684210526315,1.0,0.9444444444444444,0.8888888888888888,0.8888888888888888,0.9444444444444444,1.0,1.0,1.0,0.9411764705882353,0.04160626450366912,0.013541722297668457,0.0023673534393310546,0.0034010648727416993,stand+kNN,wine
3,,8,0.9550561797752809,0.9473684210526315,1.0,1.0,0.8888888888888888,0.8333333333333334,0.9444444444444444,1.0,1.0,1.0,0.9411764705882353,0.05445777398300305,0.01805562973022461,0.0031564712524414064,0.00450437068939209,stand+kNN,wine
4,,16,0.9662921348314607,0.9473684210526315,0.9375,1.0,0.9444444444444444,0.9444444444444444,0.9444444444444444,1.0,1.0,1.0,0.9411764705882353,0.027916806070960965,0.02256953716278076,0.003945589065551758,0.0056239843368530275,stand+kNN,wine
5,,32,0.9831460674157303,0.9473684210526315,1.0,1.0,0.9444444444444444,1.0,0.9444444444444444,1.0,1.0,1.0,1.0,0.025023500462379746,0.027083444595336913,0.004734706878662109,0.006818199157714843,stand+kNN,wine
6,,64,0.949438202247191,0.9473684210526315,1.0,1.0,0.9444444444444444,0.9444444444444444,0.7777777777777778,0.9444444444444444,0.9444444444444444,1.0,1.0,0.06307933168726478,0.031597352027893065,0.005523824691772461,0.008012533187866211,stand+kNN,wine
7,,128,0.4943820224719101,0.47368421052631576,0.5,0.4444444444444444,0.5,0.3888888888888889,0.4444444444444444,0.5,0.5,0.6666666666666666,0.5294117647058824,0.06897729207374226,0.03611125946044922,0.006312942504882813,0.008852481842041016,stand+kNN,wine
