,error,knn__n_neighbors,mean,score1,score10,score2,score3,score4,score5,score6,score7,score8,score9,std,time1,time2,time3,technique,dataset
0,,1,0.949438202247191,0.9473684210526315,1.0,0.9444444444444444,0.9444444444444444,0.8888888888888888,0.9444444444444444,0.9444444444444444,0.9444444444444444,1.0,0.9411764705882353,0.02995606271610931,0.002328181266784668,0.00011947154998779297,0.00039403438568115235,stand+kNN,wine
1,,2,0.9325842696629213,0.9473684210526315,1.0,0.8888888888888888,0.9444444444444444,0.8333333333333334,0.8888888888888888,0.9444444444444444,0.9444444444444444,1.0,0.9411764705882353,0.04844415671583812,0.004656362533569336,0.00023894309997558595,0.0007480382919311523,stand+kNN,wine
2,,4,0.9550561797752809,0.9473684210526315,1.0,0.9444444444444444,0.8888888888888888,0.8888888888888888,0.9444444444444444,1.0,1.0,1.0,0.9411764705882353,0.04160626450366912,0.006984543800354004,0.0003584146499633789,0.0011269569396972657,stand+kNN,wine
3,,8,0.9550561797752809,0.9473684210526315,1.0,1.0,0.8888888888888888,0.8333333333333334,0.9444444444444444,1.0,1.0,1.0,0.9411764705882353,0.05445777398300305,0.009312725067138672,0.0004778861999511719,0.0014708280563354493,stand+kNN,wine
4,,16,0.9662921348314607,0.9473684210526315,0.9375,1.0,0.9444444444444444,0.9444444444444444,0.9444444444444444,1.0,1.0,1.0,0.9411764705882353,0.027916806070960965,0.01164090633392334,0.0005973577499389648,0.0018220663070678711,stand+kNN,wine
5,,32,0.9831460674157303,0.9473684210526315,1.0,1.0,0.9444444444444444,1.0,0.9444444444444444,1.0,1.0,1.0,1.0,0.025023500462379746,0.013969087600708007,0.0007168292999267578,0.002167010307312012,stand+kNN,wine
6,,64,0.949438202247191,0.9473684210526315,1.0,1.0,0.9444444444444444,0.9444444444444444,0.7777777777777778,0.9444444444444444,0.9444444444444444,1.0,1.0,0.06307933168726478,0.016297268867492675,0.0008363008499145507,0.0024993419647216797,stand+kNN,wine
7,,128,0.4943820224719101,0.47368421052631576,0.5,0.4444444444444444,0.5,0.3888888888888889,0.4444444444444444,0.5,0.5,0.6666666666666666,0.5294117647058824,0.06897729207374226,0.018625450134277344,0.0009557723999023438,0.002716350555419922,stand+kNN,wine
